output_file	block_order	declaration	source_path	lean_module	start_line	end_line	source_sha256	block_sha256
01_core_model.lean	1	RNA.Nucleotide	RNA/Alphabet.lean	RNA.Alphabet	28	33	da4bc09c95a4b23b73ebc2493881ccafee46362c6aebefe95d18fb2f9c5e258f	395b523e88682c51ca903373fbee4b908457886e3617f82d4f8427a41026436d
01_core_model.lean	2	RNA.Nucleotide.comp	RNA/Alphabet.lean	RNA.Alphabet	45	49	da4bc09c95a4b23b73ebc2493881ccafee46362c6aebefe95d18fb2f9c5e258f	6bead8d761c3ebfa89782357d4e40ab090ff7ea36f2322e0ae3320892070b351
01_core_model.lean	3	RNA.Compatible	RNA/Alphabet.lean	RNA.Alphabet	68	68	da4bc09c95a4b23b73ebc2493881ccafee46362c6aebefe95d18fb2f9c5e258f	65036a31d9286f4e20e5a398c21d49e94e3c0562cd8bc0d035f909e1381ae6d6
01_core_model.lean	4	RNA.Sequence	RNA/Alphabet.lean	RNA.Alphabet	110	110	da4bc09c95a4b23b73ebc2493881ccafee46362c6aebefe95d18fb2f9c5e258f	ead1753fd3fefdd2fb0029bbcb73e4976ae668078bbc22e2890474d60e15659a
01_core_model.lean	5	RNA.Arc	RNA/Structure.lean	RNA.Structure	26	30	ab3662a5730dd1d42f53859d43750a15e9b0edcb1e21e4a8ca0e3d5cda4d5451	53e6ac1bc0612a00c5cced3080bf0c9b02af801efbe70093c01feb088d71b2d1
01_core_model.lean	6	RNA.Arc.Crosses	RNA/Structure.lean	RNA.Structure	113	115	ab3662a5730dd1d42f53859d43750a15e9b0edcb1e21e4a8ca0e3d5cda4d5451	bca1324e320574a6b9fc7ff70f3485b536343824904bbb09d4a9cf4d118822c5
01_core_model.lean	7	RNA.IsPartialMatching	RNA/Structure.lean	RNA.Structure	132	135	ab3662a5730dd1d42f53859d43750a15e9b0edcb1e21e4a8ca0e3d5cda4d5451	f70d1368975d4d8132989ae2be8b45cf6c3f84bb23178b81031d63fdf830a69e
01_core_model.lean	8	RNA.IsNoncrossing	RNA/Structure.lean	RNA.Structure	138	141	ab3662a5730dd1d42f53859d43750a15e9b0edcb1e21e4a8ca0e3d5cda4d5451	9b8a7103b8bd906b61d5124279da770148bbef389330871de47a4e830df6d972
01_core_model.lean	9	RNA.SecondaryStructure	RNA/Structure.lean	RNA.Structure	152	155	ab3662a5730dd1d42f53859d43750a15e9b0edcb1e21e4a8ca0e3d5cda4d5451	d3bc225012087e964c890e3b78f850a527df355fd457803fb97390d58d07e322
01_core_model.lean	10	RNA.StructureCompatible	RNA/Structure.lean	RNA.Structure	239	240	ab3662a5730dd1d42f53859d43750a15e9b0edcb1e21e4a8ca0e3d5cda4d5451	0fb7cc7e9ee66be9da98d464a3f8c3a356d0075c3947898211e7b682b845bae9
01_core_model.lean	11	RNA.pairCount	RNA/Structure.lean	RNA.Structure	252	252	ab3662a5730dd1d42f53859d43750a15e9b0edcb1e21e4a8ca0e3d5cda4d5451	8cdb379812bcf2b988bbf27f2b1494f0fc9c5d04dbb99c0cd36b68439fb109fa
01_core_model.lean	12	RNA.UniqueDesigns	RNA/Structure.lean	RNA.Structure	273	278	ab3662a5730dd1d42f53859d43750a15e9b0edcb1e21e4a8ca0e3d5cda4d5451	4e2e82ae88cdd24e9f8eb509691c31d5ca668f2bb090bc53c5c5d40ff5a17e63
02_helix_target_class.lean	1	RNA.HelixCandidate	RNA/Helix.lean	RNA.Helix	71	71	03b69def8a4baefac27dde9d1ae4fde98dcf0cacc3e6345ef8d2392532dc7465	7e69464504acea02388f07ca01740aa8938927e11774bad735787f3a79b07f01
02_helix_target_class.lean	2	RNA.HelixCandidate.outer	RNA/Helix.lean	RNA.Helix	75	75	03b69def8a4baefac27dde9d1ae4fde98dcf0cacc3e6345ef8d2392532dc7465	61167c9ab626f884473136328e202686fc21c9b82d3af64de4ee9ad552888ea7
02_helix_target_class.lean	3	RNA.HelixCandidate.length	RNA/Helix.lean	RNA.Helix	77	77	03b69def8a4baefac27dde9d1ae4fde98dcf0cacc3e6345ef8d2392532dc7465	97cfc05fdc9461fdf88cd81925a7b8d7a9c482b07ba7a3f6190e8511bc30b2f3
02_helix_target_class.lean	4	RNA.HasStackOffset	RNA/Helix.lean	RNA.Helix	87	88	03b69def8a4baefac27dde9d1ae4fde98dcf0cacc3e6345ef8d2392532dc7465	358ce0a8c9ad08549810db6bca4a7cd4e0d280a73595405e38a5835a24241f33
02_helix_target_class.lean	5	RNA.IsMaximalHelixRun	RNA/Helix.lean	RNA.Helix	97	102	03b69def8a4baefac27dde9d1ae4fde98dcf0cacc3e6345ef8d2392532dc7465	5fd21ff82f6a17c048802ef6975391820e6487e1a224672e2dcbabd764a0fc27
02_helix_target_class.lean	6	RNA.IsMaximalHelix	RNA/Helix.lean	RNA.Helix	122	123	03b69def8a4baefac27dde9d1ae4fde98dcf0cacc3e6345ef8d2392532dc7465	61b5163da1141f1a853867413b719b02a0c3185b6b25c462d1e4a7855d77a8b3
02_helix_target_class.lean	7	RNA.MaximalHelix	RNA/Helix.lean	RNA.Helix	131	132	03b69def8a4baefac27dde9d1ae4fde98dcf0cacc3e6345ef8d2392532dc7465	1f81eb789518035739d48b5feb1d9c4f70d9bf88d291cc9d84790a657c5b482f
02_helix_target_class.lean	8	RNA.MaximalHelix.outer	RNA/Helix.lean	RNA.Helix	155	155	03b69def8a4baefac27dde9d1ae4fde98dcf0cacc3e6345ef8d2392532dc7465	30e5e2a3d13809fc7f4be10062c66ddf13c6ed7af555b053573b580193ec36b8
02_helix_target_class.lean	9	RNA.MaximalHelix.length	RNA/Helix.lean	RNA.Helix	157	157	03b69def8a4baefac27dde9d1ae4fde98dcf0cacc3e6345ef8d2392532dc7465	19be93abba923ee0f4136d722fbaf7f393a0c3e861d99ff693bc684269108efb
02_helix_target_class.lean	10	RNA.HasM5	RNA/Motifs.lean	RNA.Motifs	30	31	79eecd6fb95fc33566dfbd81834c82a76c88dae17b9889c830be32e4b58a570a	9e4f6d375b4256b46283e8962168088d1662cd9333f5d3a44b340a501c1619b4
02_helix_target_class.lean	11	RNA.HasM3Dot	RNA/Motifs.lean	RNA.Motifs	35	37	79eecd6fb95fc33566dfbd81834c82a76c88dae17b9889c830be32e4b58a570a	fd0cf14a720cbfeff91039527e3d37480a090ef0922ef22944c206b1c0605153
02_helix_target_class.lean	12	RNA.lengthTwoHelices	RNA/AtMostTwoShort/TargetClass.lean	RNA.AtMostTwoShort.TargetClass	21	22	18be543996a716ea1be6589ad5cc160299b47cbe22adde4b62382209a9834254	7f81bb89a44eb3fe21503e6db3cb7e64da373132bd28f3d340a15f50c6fea417
02_helix_target_class.lean	13	RNA.shortHelixCount	RNA/AtMostTwoShort/TargetClass.lean	RNA.AtMostTwoShort.TargetClass	25	26	18be543996a716ea1be6589ad5cc160299b47cbe22adde4b62382209a9834254	b2f5dade473ba802493f19401b1bd84b300b71337acde9a197186aa81679c027
02_helix_target_class.lean	14	RNA.InTargetClassKLeTwo	RNA/AtMostTwoShort/TargetClass.lean	RNA.AtMostTwoShort.TargetClass	111	116	18be543996a716ea1be6589ad5cc160299b47cbe22adde4b62382209a9834254	41ec680fe50cf691d7f23df89ae636ec6f6327aa723262f76eaa6853b8a63338
03_public_theorem.lean	1	RNA.AtMostTwoShortHelixDesignabilityStatement	RNA/AtMostTwoShort/Designability.lean	RNA.AtMostTwoShort.Designability	45	48	14336b0650651ea64387637318dd0005d0ce5d8239f50228e1025d6cc733c36e	82141502fa3093fbc190f3cb40e3cde4166231ce9e09d42350f42a2d6ed90e38
03_public_theorem.lean	2	RNA.atMostTwoShortHelixDesignability	RNA/AtMostTwoShort/Designability.lean	RNA.AtMostTwoShort.Designability	52	58	14336b0650651ea64387637318dd0005d0ce5d8239f50228e1025d6cc733c36e	8f93a652b50500538f799d4fef70c30a7b027c488148ad62dfd1df1626ad2ad4
